<?xml version="1.0" encoding="UTF-8" standalone="yes"?>
<SeatAvailabilityRS Target="Test" TimeStamp="2021-01-31T22:57:03.058" Version="17.2" xmlns="http://www.iata.org/IATA/EDIST/2017.2" xmlns:ns2="http://www.iata.org/IATA/EDIST/2017.2/CR129">
	<Document>
		<ReferenceVersion>1</ReferenceVersion>
	</Document>
	<Success/>
	<ShoppingResponseID>
		<ResponseID>cc86d181-51ed-4393-9de7-ccc6db445e8a</ResponseID>
	</ShoppingResponseID>
	<ALaCarteOffer OfferID="OFa20ae42f-6417-11eb-b326-15132ca0c335" Owner="DE">
		<ALaCarteOfferItem OfferItemID="OFIa20ae42f-6417-11eb-b326-15132ca0c3351">
			<Eligibility>
				<SegmentRefs>SEG1</SegmentRefs>
			</Eligibility>
			<UnitPriceDetail>
				<TotalAmount>
					<SimpleCurrencyPrice Code="GBP">22.10</SimpleCurrencyPrice>
				</TotalAmount>
			</UnitPriceDetail>
			<Service ServiceID="SV1">
				<ServiceDefinitionRef>SVD1</ServiceDefinitionRef>
			</Service>
		</ALaCarteOfferItem>
		<ALaCarteOfferItem OfferItemID="OFIa20ae42f-6417-11eb-b326-15132ca0c3352">
			<Eligibility>
				<SegmentRefs>SEG1</SegmentRefs>
			</Eligibility>
			<UnitPriceDetail>
				<TotalAmount>
					<SimpleCurrencyPrice Code="GBP">35.40</SimpleCurrencyPrice>
				</TotalAmount>
			</UnitPriceDetail>
			<Service ServiceID="SV2">
				<ServiceDefinitionRef>SVD2</ServiceDefinitionRef>
			</Service>
		</ALaCarteOfferItem>
		<ALaCarteOfferItem OfferItemID="OFIa20ae42f-6417-11eb-b326-15132ca0c3353">
			<Eligibility>
				<SegmentRefs>SEG1</SegmentRefs>
			</Eligibility>
			<UnitPriceDetail>
				<TotalAmount>
					<SimpleCurrencyPrice Code="GBP">17.70</SimpleCurrencyPrice>
				</TotalAmount>
			</UnitPriceDetail>
			<Service ServiceID="SV3">
				<ServiceDefinitionRef>SVD3</ServiceDefinitionRef>
			</Service>
		</ALaCarteOfferItem>
		<ALaCarteOfferItem OfferItemID="OFIa20ae42f-6417-11eb-b326-15132ca0c3354">
			<Eligibility>
				<SegmentRefs>SEG1</SegmentRefs>
			</Eligibility>
			<UnitPriceDetail>
				<TotalAmount>
					<SimpleCurrencyPrice Code="GBP">11.50</SimpleCurrencyPrice>
				</TotalAmount>
			</UnitPriceDetail>
			<Service ServiceID="SV4">
				<ServiceDefinitionRef>SVD4</ServiceDefinitionRef>
			</Service>
		</ALaCarteOfferItem>
	</ALaCarteOffer>
	<SeatMap>
		<SegmentRef>SEG1</SegmentRef>
		<Cabin>
			<CabinLayout>
				<Columns Position="A">WINDOW</Columns>
				<Columns Position="B"/>
				<Columns Position="C">AISLE</Columns>
				<Columns Position="D">AISLE</Columns>
				<Columns Position="E"/>
				<Columns Position="F">WINDOW</Columns>
				<Rows>
					<First>7</First>
					<Last>7</Last>
				</Rows>
			</CabinLayout>
			<Row>
				<Number>7</Number>
				<Seat>
					<Column>A</Column>
					<OfferItemRefs>OFIa20ae42f-6417-11eb-b326-15132ca0c3351</OfferItemRefs>
					<SeatDefinitionRef>SD1</SeatDefinitionRef>
					<SeatDefinitionRef>SD2</SeatDefinitionRef>
					<SeatDefinitionRef>SD3</SeatDefinitionRef>
					<SeatDefinitionRef>SD4</SeatDefinitionRef>
				</Seat>
				<Seat>
					<Column>B</Column>
					<OfferItemRefs>OFIa20ae42f-6417-11eb-b326-15132ca0c3351</OfferItemRefs>
					<SeatDefinitionRef>SD2</SeatDefinitionRef>
					<SeatDefinitionRef>SD4</SeatDefinitionRef>
				</Seat>
				<Seat>
					<Column>C</Column>
					<OfferItemRefs>OFIa20ae42f-6417-11eb-b326-15132ca0c3351</OfferItemRefs>
					<SeatDefinitionRef>SD2</SeatDefinitionRef>
					<SeatDefinitionRef>SD4</SeatDefinitionRef>
					<SeatDefinitionRef>SD5</SeatDefinitionRef>
					<SeatDefinitionRef>SD6</SeatDefinitionRef>
				</Seat>
				<Seat>
					<Column>D</Column>
					<OfferItemRefs>OFIa20ae42f-6417-11eb-b326-15132ca0c3351</OfferItemRefs>
					<SeatDefinitionRef>SD2</SeatDefinitionRef>
					<SeatDefinitionRef>SD4</SeatDefinitionRef>
					<SeatDefinitionRef>SD5</SeatDefinitionRef>
					<SeatDefinitionRef>SD6</SeatDefinitionRef>
					<SeatDefinitionRef>SD7</SeatDefinitionRef>
				</Seat>
				<Seat>
					<Column>E</Column>
					<OfferItemRefs>OFIa20ae42f-6417-11eb-b326-15132ca0c3351</OfferItemRefs>
					<SeatDefinitionRef>SD2</SeatDefinitionRef>
					<SeatDefinitionRef>SD4</SeatDefinitionRef>
					<SeatDefinitionRef>SD7</SeatDefinitionRef>
				</Seat>
				<Seat>
					<Column>F</Column>
					<OfferItemRefs>OFIa20ae42f-6417-11eb-b326-15132ca0c3351</OfferItemRefs>
					<SeatDefinitionRef>SD2</SeatDefinitionRef>
					<SeatDefinitionRef>SD3</SeatDefinitionRef>
					<SeatDefinitionRef>SD4</SeatDefinitionRef>
					<SeatDefinitionRef>SD7</SeatDefinitionRef>
				</Seat>
			</Row>
		</Cabin>
	</SeatMap>
	<SeatMap>
		<SegmentRef>SEG1</SegmentRef>
		<Cabin>
			<CabinLayout>
				<Columns Position="A">WINDOW</Columns>
				<Columns Position="B"/>
				<Columns Position="C">AISLE</Columns>
				<Columns Position="D">AISLE</Columns>
				<Columns Position="E"/>
				<Columns Position="F">WINDOW</Columns>
				<Rows>
					<First>8</First>
					<Last>15</Last>
				</Rows>
			</CabinLayout>
			<Row>
				<Number>11</Number>
				<Seat>
					<Column>A</Column>
					<SeatDefinitionRef>SD3</SeatDefinitionRef>
					<SeatDefinitionRef>SD4</SeatDefinitionRef>
					<SeatDefinitionRef>SD6</SeatDefinitionRef>
					<SeatDefinitionRef>SD8</SeatDefinitionRef>
					<SeatDefinitionRef>SD9</SeatDefinitionRef>
					<SeatDefinitionRef>SD10</SeatDefinitionRef>
					<SeatDefinitionRef>SD11</SeatDefinitionRef>
					<SeatDefinitionRef>SD12</SeatDefinitionRef>
				</Seat>
				<Seat>
					<Column>B</Column>
					<SeatDefinitionRef>SD4</SeatDefinitionRef>
					<SeatDefinitionRef>SD6</SeatDefinitionRef>
					<SeatDefinitionRef>SD8</SeatDefinitionRef>
					<SeatDefinitionRef>SD9</SeatDefinitionRef>
					<SeatDefinitionRef>SD10</SeatDefinitionRef>
					<SeatDefinitionRef>SD11</SeatDefinitionRef>
					<SeatDefinitionRef>SD12</SeatDefinitionRef>
				</Seat>
				<Seat>
					<Column>C</Column>
					<SeatDefinitionRef>SD4</SeatDefinitionRef>
					<SeatDefinitionRef>SD5</SeatDefinitionRef>
					<SeatDefinitionRef>SD6</SeatDefinitionRef>
					<SeatDefinitionRef>SD8</SeatDefinitionRef>
					<SeatDefinitionRef>SD9</SeatDefinitionRef>
					<SeatDefinitionRef>SD10</SeatDefinitionRef>
					<SeatDefinitionRef>SD11</SeatDefinitionRef>
					<SeatDefinitionRef>SD12</SeatDefinitionRef>
				</Seat>
				<Seat>
					<Column>D</Column>
					<SeatDefinitionRef>SD4</SeatDefinitionRef>
					<SeatDefinitionRef>SD5</SeatDefinitionRef>
					<SeatDefinitionRef>SD6</SeatDefinitionRef>
					<SeatDefinitionRef>SD7</SeatDefinitionRef>
					<SeatDefinitionRef>SD8</SeatDefinitionRef>
					<SeatDefinitionRef>SD9</SeatDefinitionRef>
					<SeatDefinitionRef>SD10</SeatDefinitionRef>
					<SeatDefinitionRef>SD11</SeatDefinitionRef>
					<SeatDefinitionRef>SD12</SeatDefinitionRef>
				</Seat>
				<Seat>
					<Column>E</Column>
					<SeatDefinitionRef>SD4</SeatDefinitionRef>
					<SeatDefinitionRef>SD6</SeatDefinitionRef>
					<SeatDefinitionRef>SD7</SeatDefinitionRef>
					<SeatDefinitionRef>SD8</SeatDefinitionRef>
					<SeatDefinitionRef>SD9</SeatDefinitionRef>
					<SeatDefinitionRef>SD10</SeatDefinitionRef>
					<SeatDefinitionRef>SD11</SeatDefinitionRef>
					<SeatDefinitionRef>SD12</SeatDefinitionRef>
				</Seat>
				<Seat>
					<Column>F</Column>
					<SeatDefinitionRef>SD3</SeatDefinitionRef>
					<SeatDefinitionRef>SD4</SeatDefinitionRef>
					<SeatDefinitionRef>SD6</SeatDefinitionRef>
					<SeatDefinitionRef>SD7</SeatDefinitionRef>
					<SeatDefinitionRef>SD8</SeatDefinitionRef>
					<SeatDefinitionRef>SD9</SeatDefinitionRef>
					<SeatDefinitionRef>SD10</SeatDefinitionRef>
					<SeatDefinitionRef>SD11</SeatDefinitionRef>
					<SeatDefinitionRef>SD12</SeatDefinitionRef>
				</Seat>
			</Row>
			<Row>
				<Number>12</Number>
				<Seat>
					<Column>A</Column>
					<OfferItemRefs>OFIa20ae42f-6417-11eb-b326-15132ca0c3352</OfferItemRefs>
					<SeatDefinitionRef>SD3</SeatDefinitionRef>
					<SeatDefinitionRef>SD4</SeatDefinitionRef>
					<SeatDefinitionRef>SD6</SeatDefinitionRef>
					<SeatDefinitionRef>SD7</SeatDefinitionRef>
					<SeatDefinitionRef>SD8</SeatDefinitionRef>
					<SeatDefinitionRef>SD12</SeatDefinitionRef>
					<SeatDefinitionRef>SD13</SeatDefinitionRef>
					<SeatDefinitionRef>SD14</SeatDefinitionRef>
					<SeatDefinitionRef>SD15</SeatDefinitionRef>
				</Seat>
				<Seat>
					<Column>B</Column>
					<OfferItemRefs>OFIa20ae42f-6417-11eb-b326-15132ca0c3352</OfferItemRefs>
					<SeatDefinitionRef>SD4</SeatDefinitionRef>
					<SeatDefinitionRef>SD6</SeatDefinitionRef>
					<SeatDefinitionRef>SD7</SeatDefinitionRef>
					<SeatDefinitionRef>SD8</SeatDefinitionRef>
					<SeatDefinitionRef>SD12</SeatDefinitionRef>
					<SeatDefinitionRef>SD13</SeatDefinitionRef>
					<SeatDefinitionRef>SD14</SeatDefinitionRef>
					<SeatDefinitionRef>SD15</SeatDefinitionRef>
				</Seat>
				<Seat>
					<Column>C</Column>
					<OfferItemRefs>OFIa20ae42f-6417-11eb-b326-15132ca0c3352</OfferItemRefs>
					<SeatDefinitionRef>SD4</SeatDefinitionRef>
					<SeatDefinitionRef>SD5</SeatDefinitionRef>
					<SeatDefinitionRef>SD6</SeatDefinitionRef>
					<SeatDefinitionRef>SD7</SeatDefinitionRef>
					<SeatDefinitionRef>SD8</SeatDefinitionRef>
					<SeatDefinitionRef>SD12</SeatDefinitionRef>
					<SeatDefinitionRef>SD13</SeatDefinitionRef>
					<SeatDefinitionRef>SD14</SeatDefinitionRef>
					<SeatDefinitionRef>SD15</SeatDefinitionRef>
				</Seat>
				<Seat>
					<Column>D</Column>
					<OfferItemRefs>OFIa20ae42f-6417-11eb-b326-15132ca0c3352</OfferItemRefs>
					<SeatDefinitionRef>SD4</SeatDefinitionRef>
					<SeatDefinitionRef>SD5</SeatDefinitionRef>
					<SeatDefinitionRef>SD6</SeatDefinitionRef>
					<SeatDefinitionRef>SD7</SeatDefinitionRef>
					<SeatDefinitionRef>SD8</SeatDefinitionRef>
					<SeatDefinitionRef>SD12</SeatDefinitionRef>
					<SeatDefinitionRef>SD13</SeatDefinitionRef>
					<SeatDefinitionRef>SD14</SeatDefinitionRef>
					<SeatDefinitionRef>SD15</SeatDefinitionRef>
				</Seat>
				<Seat>
					<Column>E</Column>
					<OfferItemRefs>OFIa20ae42f-6417-11eb-b326-15132ca0c3352</OfferItemRefs>
					<SeatDefinitionRef>SD4</SeatDefinitionRef>
					<SeatDefinitionRef>SD6</SeatDefinitionRef>
					<SeatDefinitionRef>SD7</SeatDefinitionRef>
					<SeatDefinitionRef>SD8</SeatDefinitionRef>
					<SeatDefinitionRef>SD12</SeatDefinitionRef>
					<SeatDefinitionRef>SD13</SeatDefinitionRef>
					<SeatDefinitionRef>SD14</SeatDefinitionRef>
					<SeatDefinitionRef>SD15</SeatDefinitionRef>
				</Seat>
				<Seat>
					<Column>F</Column>
					<OfferItemRefs>OFIa20ae42f-6417-11eb-b326-15132ca0c3352</OfferItemRefs>
					<SeatDefinitionRef>SD3</SeatDefinitionRef>
					<SeatDefinitionRef>SD4</SeatDefinitionRef>
					<SeatDefinitionRef>SD6</SeatDefinitionRef>
					<SeatDefinitionRef>SD7</SeatDefinitionRef>
					<SeatDefinitionRef>SD8</SeatDefinitionRef>
					<SeatDefinitionRef>SD12</SeatDefinitionRef>
					<SeatDefinitionRef>SD13</SeatDefinitionRef>
					<SeatDefinitionRef>SD14</SeatDefinitionRef>
					<SeatDefinitionRef>SD15</SeatDefinitionRef>
				</Seat>
			</Row>
			<Row>
				<Number>13</Number>
				<Seat>
					<Column>A</Column>
					<OfferItemRefs>OFIa20ae42f-6417-11eb-b326-15132ca0c3352</OfferItemRefs>
					<SeatDefinitionRef>SD3</SeatDefinitionRef>
					<SeatDefinitionRef>SD4</SeatDefinitionRef>
					<SeatDefinitionRef>SD6</SeatDefinitionRef>
					<SeatDefinitionRef>SD7</SeatDefinitionRef>
					<SeatDefinitionRef>SD12</SeatDefinitionRef>
					<SeatDefinitionRef>SD13</SeatDefinitionRef>
					<SeatDefinitionRef>SD14</SeatDefinitionRef>
					<SeatDefinitionRef>SD15</SeatDefinitionRef>
				</Seat>
				<Seat>
					<Column>B</Column>
					<OfferItemRefs>OFIa20ae42f-6417-11eb-b326-15132ca0c3352</OfferItemRefs>
					<SeatDefinitionRef>SD4</SeatDefinitionRef>
					<SeatDefinitionRef>SD6</SeatDefinitionRef>
					<SeatDefinitionRef>SD7</SeatDefinitionRef>
					<SeatDefinitionRef>SD12</SeatDefinitionRef>
					<SeatDefinitionRef>SD13</SeatDefinitionRef>
					<SeatDefinitionRef>SD14</SeatDefinitionRef>
					<SeatDefinitionRef>SD15</SeatDefinitionRef>
				</Seat>
				<Seat>
					<Column>C</Column>
					<OfferItemRefs>OFIa20ae42f-6417-11eb-b326-15132ca0c3352</OfferItemRefs>
					<SeatDefinitionRef>SD4</SeatDefinitionRef>
					<SeatDefinitionRef>SD5</SeatDefinitionRef>
					<SeatDefinitionRef>SD6</SeatDefinitionRef>
					<SeatDefinitionRef>SD7</SeatDefinitionRef>
					<SeatDefinitionRef>SD12</SeatDefinitionRef>
					<SeatDefinitionRef>SD13</SeatDefinitionRef>
					<SeatDefinitionRef>SD14</SeatDefinitionRef>
					<SeatDefinitionRef>SD15</SeatDefinitionRef>
				</Seat>
				<Seat>
					<Column>D</Column>
					<OfferItemRefs>OFIa20ae42f-6417-11eb-b326-15132ca0c3352</OfferItemRefs>
					<SeatDefinitionRef>SD4</SeatDefinitionRef>
					<SeatDefinitionRef>SD5</SeatDefinitionRef>
					<SeatDefinitionRef>SD6</SeatDefinitionRef>
					<SeatDefinitionRef>SD7</SeatDefinitionRef>
					<SeatDefinitionRef>SD12</SeatDefinitionRef>
					<SeatDefinitionRef>SD13</SeatDefinitionRef>
					<SeatDefinitionRef>SD14</SeatDefinitionRef>
					<SeatDefinitionRef>SD15</SeatDefinitionRef>
				</Seat>
				<Seat>
					<Column>E</Column>
					<OfferItemRefs>OFIa20ae42f-6417-11eb-b326-15132ca0c3352</OfferItemRefs>
					<SeatDefinitionRef>SD4</SeatDefinitionRef>
					<SeatDefinitionRef>SD6</SeatDefinitionRef>
					<SeatDefinitionRef>SD7</SeatDefinitionRef>
					<SeatDefinitionRef>SD12</SeatDefinitionRef>
					<SeatDefinitionRef>SD13</SeatDefinitionRef>
					<SeatDefinitionRef>SD14</SeatDefinitionRef>
					<SeatDefinitionRef>SD15</SeatDefinitionRef>
				</Seat>
				<Seat>
					<Column>F</Column>
					<OfferItemRefs>OFIa20ae42f-6417-11eb-b326-15132ca0c3352</OfferItemRefs>
					<SeatDefinitionRef>SD3</SeatDefinitionRef>
					<SeatDefinitionRef>SD4</SeatDefinitionRef>
					<SeatDefinitionRef>SD6</SeatDefinitionRef>
					<SeatDefinitionRef>SD7</SeatDefinitionRef>
					<SeatDefinitionRef>SD12</SeatDefinitionRef>
					<SeatDefinitionRef>SD13</SeatDefinitionRef>
					<SeatDefinitionRef>SD14</SeatDefinitionRef>
					<SeatDefinitionRef>SD15</SeatDefinitionRef>
				</Seat>
			</Row>
			<Row>
				<Number>14</Number>
				<Seat>
					<Column>A</Column>
					<OfferItemRefs>OFIa20ae42f-6417-11eb-b326-15132ca0c3353</OfferItemRefs>
					<SeatDefinitionRef>SD3</SeatDefinitionRef>
					<SeatDefinitionRef>SD4</SeatDefinitionRef>
					<SeatDefinitionRef>SD6</SeatDefinitionRef>
					<SeatDefinitionRef>SD7</SeatDefinitionRef>
					<SeatDefinitionRef>SD12</SeatDefinitionRef>
				</Seat>
				<Seat>
					<Column>B</Column>
					<OfferItemRefs>OFIa20ae42f-6417-11eb-b326-15132ca0c3353</OfferItemRefs>
					<SeatDefinitionRef>SD4</SeatDefinitionRef>
					<SeatDefinitionRef>SD6</SeatDefinitionRef>
					<SeatDefinitionRef>SD7</SeatDefinitionRef>
					<SeatDefinitionRef>SD12</SeatDefinitionRef>
					<SeatDefinitionRef>SD16</SeatDefinitionRef>
				</Seat>
				<Seat>
					<Column>C</Column>
					<OfferItemRefs>OFIa20ae42f-6417-11eb-b326-15132ca0c3353</OfferItemRefs>
					<SeatDefinitionRef>SD4</SeatDefinitionRef>
					<SeatDefinitionRef>SD5</SeatDefinitionRef>
					<SeatDefinitionRef>SD6</SeatDefinitionRef>
					<SeatDefinitionRef>SD7</SeatDefinitionRef>
					<SeatDefinitionRef>SD12</SeatDefinitionRef>
				</Seat>
				<Seat>
					<Column>D</Column>
					<OfferItemRefs>OFIa20ae42f-6417-11eb-b326-15132ca0c3353</OfferItemRefs>
					<SeatDefinitionRef>SD4</SeatDefinitionRef>
					<SeatDefinitionRef>SD5</SeatDefinitionRef>
					<SeatDefinitionRef>SD6</SeatDefinitionRef>
					<SeatDefinitionRef>SD12</SeatDefinitionRef>
				</Seat>
				<Seat>
					<Column>E</Column>
					<OfferItemRefs>OFIa20ae42f-6417-11eb-b326-15132ca0c3353</OfferItemRefs>
					<SeatDefinitionRef>SD4</SeatDefinitionRef>
					<SeatDefinitionRef>SD6</SeatDefinitionRef>
					<SeatDefinitionRef>SD12</SeatDefinitionRef>
					<SeatDefinitionRef>SD16</SeatDefinitionRef>
				</Seat>
				<Seat>
					<Column>F</Column>
					<OfferItemRefs>OFIa20ae42f-6417-11eb-b326-15132ca0c3353</OfferItemRefs>
					<SeatDefinitionRef>SD1</SeatDefinitionRef>
					<SeatDefinitionRef>SD3</SeatDefinitionRef>
					<SeatDefinitionRef>SD4</SeatDefinitionRef>
					<SeatDefinitionRef>SD6</SeatDefinitionRef>
					<SeatDefinitionRef>SD12</SeatDefinitionRef>
				</Seat>
			</Row>
			<Row>
				<Number>15</Number>
				<Seat>
					<Column>A</Column>
					<OfferItemRefs>OFIa20ae42f-6417-11eb-b326-15132ca0c3353</OfferItemRefs>
					<SeatDefinitionRef>SD3</SeatDefinitionRef>
					<SeatDefinitionRef>SD4</SeatDefinitionRef>
					<SeatDefinitionRef>SD7</SeatDefinitionRef>
					<SeatDefinitionRef>SD12</SeatDefinitionRef>
				</Seat>
				<Seat>
					<Column>B</Column>
					<OfferItemRefs>OFIa20ae42f-6417-11eb-b326-15132ca0c3353</OfferItemRefs>
					<SeatDefinitionRef>SD4</SeatDefinitionRef>
					<SeatDefinitionRef>SD7</SeatDefinitionRef>
					<SeatDefinitionRef>SD12</SeatDefinitionRef>
					<SeatDefinitionRef>SD16</SeatDefinitionRef>
				</Seat>
				<Seat>
					<Column>C</Column>
					<OfferItemRefs>OFIa20ae42f-6417-11eb-b326-15132ca0c3353</OfferItemRefs>
					<SeatDefinitionRef>SD4</SeatDefinitionRef>
					<SeatDefinitionRef>SD5</SeatDefinitionRef>
					<SeatDefinitionRef>SD7</SeatDefinitionRef>
					<SeatDefinitionRef>SD12</SeatDefinitionRef>
				</Seat>
				<Seat>
					<Column>D</Column>
					<OfferItemRefs>OFIa20ae42f-6417-11eb-b326-15132ca0c3353</OfferItemRefs>
					<SeatDefinitionRef>SD4</SeatDefinitionRef>
					<SeatDefinitionRef>SD5</SeatDefinitionRef>
					<SeatDefinitionRef>SD12</SeatDefinitionRef>
				</Seat>
				<Seat>
					<Column>E</Column>
					<OfferItemRefs>OFIa20ae42f-6417-11eb-b326-15132ca0c3353</OfferItemRefs>
					<SeatDefinitionRef>SD4</SeatDefinitionRef>
					<SeatDefinitionRef>SD12</SeatDefinitionRef>
					<SeatDefinitionRef>SD16</SeatDefinitionRef>
				</Seat>
				<Seat>
					<Column>F</Column>
					<OfferItemRefs>OFIa20ae42f-6417-11eb-b326-15132ca0c3353</OfferItemRefs>
					<SeatDefinitionRef>SD1</SeatDefinitionRef>
					<SeatDefinitionRef>SD3</SeatDefinitionRef>
					<SeatDefinitionRef>SD4</SeatDefinitionRef>
					<SeatDefinitionRef>SD12</SeatDefinitionRef>
				</Seat>
			</Row>
			<Row>
				<Number>8</Number>
				<Seat>
					<Column>A</Column>
					<OfferItemRefs>OFIa20ae42f-6417-11eb-b326-15132ca0c3351</OfferItemRefs>
					<SeatDefinitionRef>SD2</SeatDefinitionRef>
					<SeatDefinitionRef>SD3</SeatDefinitionRef>
					<SeatDefinitionRef>SD4</SeatDefinitionRef>
					<SeatDefinitionRef>SD7</SeatDefinitionRef>
				</Seat>
				<Seat>
					<Column>B</Column>
					<OfferItemRefs>OFIa20ae42f-6417-11eb-b326-15132ca0c3351</OfferItemRefs>
					<SeatDefinitionRef>SD2</SeatDefinitionRef>
					<SeatDefinitionRef>SD4</SeatDefinitionRef>
					<SeatDefinitionRef>SD7</SeatDefinitionRef>
				</Seat>
				<Seat>
					<Column>C</Column>
					<OfferItemRefs>OFIa20ae42f-6417-11eb-b326-15132ca0c3351</OfferItemRefs>
					<SeatDefinitionRef>SD2</SeatDefinitionRef>
					<SeatDefinitionRef>SD4</SeatDefinitionRef>
					<SeatDefinitionRef>SD5</SeatDefinitionRef>
					<SeatDefinitionRef>SD6</SeatDefinitionRef>
					<SeatDefinitionRef>SD7</SeatDefinitionRef>
				</Seat>
				<Seat>
					<Column>D</Column>
					<OfferItemRefs>OFIa20ae42f-6417-11eb-b326-15132ca0c3351</OfferItemRefs>
					<SeatDefinitionRef>SD2</SeatDefinitionRef>
					<SeatDefinitionRef>SD4</SeatDefinitionRef>
					<SeatDefinitionRef>SD5</SeatDefinitionRef>
					<SeatDefinitionRef>SD6</SeatDefinitionRef>
				</Seat>
				<Seat>
					<Column>E</Column>
					<OfferItemRefs>OFIa20ae42f-6417-11eb-b326-15132ca0c3351</OfferItemRefs>
					<SeatDefinitionRef>SD2</SeatDefinitionRef>
					<SeatDefinitionRef>SD4</SeatDefinitionRef>
				</Seat>
				<Seat>
					<Column>F</Column>
					<OfferItemRefs>OFIa20ae42f-6417-11eb-b326-15132ca0c3351</OfferItemRefs>
					<SeatDefinitionRef>SD1</SeatDefinitionRef>
					<SeatDefinitionRef>SD2</SeatDefinitionRef>
					<SeatDefinitionRef>SD3</SeatDefinitionRef>
					<SeatDefinitionRef>SD4</SeatDefinitionRef>
				</Seat>
			</Row>
			<Row>
				<Number>9</Number>
				<Seat>
					<Column>A</Column>
					<OfferItemRefs>OFIa20ae42f-6417-11eb-b326-15132ca0c3351</OfferItemRefs>
					<SeatDefinitionRef>SD2</SeatDefinitionRef>
					<SeatDefinitionRef>SD3</SeatDefinitionRef>
					<SeatDefinitionRef>SD4</SeatDefinitionRef>
					<SeatDefinitionRef>SD7</SeatDefinitionRef>
					<SeatDefinitionRef>SD17</SeatDefinitionRef>
					<SeatDefinitionRef>SD18</SeatDefinitionRef>
				</Seat>
				<Seat>
					<Column>B</Column>
					<OfferItemRefs>OFIa20ae42f-6417-11eb-b326-15132ca0c3351</OfferItemRefs>
					<SeatDefinitionRef>SD2</SeatDefinitionRef>
					<SeatDefinitionRef>SD4</SeatDefinitionRef>
					<SeatDefinitionRef>SD7</SeatDefinitionRef>
				</Seat>
				<Seat>
					<Column>C</Column>
					<OfferItemRefs>OFIa20ae42f-6417-11eb-b326-15132ca0c3351</OfferItemRefs>
					<SeatDefinitionRef>SD2</SeatDefinitionRef>
					<SeatDefinitionRef>SD4</SeatDefinitionRef>
					<SeatDefinitionRef>SD5</SeatDefinitionRef>
					<SeatDefinitionRef>SD6</SeatDefinitionRef>
					<SeatDefinitionRef>SD7</SeatDefinitionRef>
				</Seat>
				<Seat>
					<Column>D</Column>
					<OfferItemRefs>OFIa20ae42f-6417-11eb-b326-15132ca0c3351</OfferItemRefs>
					<SeatDefinitionRef>SD2</SeatDefinitionRef>
					<SeatDefinitionRef>SD4</SeatDefinitionRef>
					<SeatDefinitionRef>SD5</SeatDefinitionRef>
					<SeatDefinitionRef>SD6</SeatDefinitionRef>
				</Seat>
				<Seat>
					<Column>E</Column>
					<OfferItemRefs>OFIa20ae42f-6417-11eb-b326-15132ca0c3351</OfferItemRefs>
					<SeatDefinitionRef>SD2</SeatDefinitionRef>
					<SeatDefinitionRef>SD4</SeatDefinitionRef>
				</Seat>
				<Seat>
					<Column>F</Column>
					<OfferItemRefs>OFIa20ae42f-6417-11eb-b326-15132ca0c3351</OfferItemRefs>
					<SeatDefinitionRef>SD2</SeatDefinitionRef>
					<SeatDefinitionRef>SD3</SeatDefinitionRef>
					<SeatDefinitionRef>SD4</SeatDefinitionRef>
					<SeatDefinitionRef>SD17</SeatDefinitionRef>
					<SeatDefinitionRef>SD18</SeatDefinitionRef>
				</Seat>
			</Row>
			<Row>
				<Number>10</Number>
				<Seat>
					<Column>A</Column>
					<OfferItemRefs>OFIa20ae42f-6417-11eb-b326-15132ca0c3351</OfferItemRefs>
					<SeatDefinitionRef>SD1</SeatDefinitionRef>
					<SeatDefinitionRef>SD2</SeatDefinitionRef>
					<SeatDefinitionRef>SD3</SeatDefinitionRef>
					<SeatDefinitionRef>SD4</SeatDefinitionRef>
					<SeatDefinitionRef>SD12</SeatDefinitionRef>
				</Seat>
				<Seat>
					<Column>B</Column>
					<OfferItemRefs>OFIa20ae42f-6417-11eb-b326-15132ca0c3351</OfferItemRefs>
					<SeatDefinitionRef>SD2</SeatDefinitionRef>
					<SeatDefinitionRef>SD4</SeatDefinitionRef>
					<SeatDefinitionRef>SD12</SeatDefinitionRef>
				</Seat>
				<Seat>
					<Column>C</Column>
					<OfferItemRefs>OFIa20ae42f-6417-11eb-b326-15132ca0c3351</OfferItemRefs>
					<SeatDefinitionRef>SD2</SeatDefinitionRef>
					<SeatDefinitionRef>SD4</SeatDefinitionRef>
					<SeatDefinitionRef>SD5</SeatDefinitionRef>
					<SeatDefinitionRef>SD6</SeatDefinitionRef>
					<SeatDefinitionRef>SD12</SeatDefinitionRef>
				</Seat>
				<Seat>
					<Column>D</Column>
					<OfferItemRefs>OFIa20ae42f-6417-11eb-b326-15132ca0c3351</OfferItemRefs>
					<SeatDefinitionRef>SD2</SeatDefinitionRef>
					<SeatDefinitionRef>SD4</SeatDefinitionRef>
					<SeatDefinitionRef>SD5</SeatDefinitionRef>
					<SeatDefinitionRef>SD6</SeatDefinitionRef>
					<SeatDefinitionRef>SD7</SeatDefinitionRef>
					<SeatDefinitionRef>SD12</SeatDefinitionRef>
				</Seat>
				<Seat>
					<Column>E</Column>
					<OfferItemRefs>OFIa20ae42f-6417-11eb-b326-15132ca0c3351</OfferItemRefs>
					<SeatDefinitionRef>SD2</SeatDefinitionRef>
					<SeatDefinitionRef>SD4</SeatDefinitionRef>
					<SeatDefinitionRef>SD7</SeatDefinitionRef>
					<SeatDefinitionRef>SD12</SeatDefinitionRef>
				</Seat>
				<Seat>
					<Column>F</Column>
					<OfferItemRefs>OFIa20ae42f-6417-11eb-b326-15132ca0c3351</OfferItemRefs>
					<SeatDefinitionRef>SD2</SeatDefinitionRef>
					<SeatDefinitionRef>SD3</SeatDefinitionRef>
					<SeatDefinitionRef>SD4</SeatDefinitionRef>
					<SeatDefinitionRef>SD7</SeatDefinitionRef>
					<SeatDefinitionRef>SD12</SeatDefinitionRef>
				</Seat>
			</Row>
		</Cabin>
	</SeatMap>
	<SeatMap>
		<SegmentRef>SEG1</SegmentRef>
		<Cabin>
			<CabinLayout>
				<Columns Position="A">WINDOW</Columns>
				<Columns Position="B"/>
				<Columns Position="C">AISLE</Columns>
				<Columns Position="D">AISLE</Columns>
				<Columns Position="E"/>
				<Columns Position="F">WINDOW</Columns>
				<Rows>
					<First>16</First>
					<Last>23</Last>
				</Rows>
			</CabinLayout>
			<Row>
				<Number>22</Number>
				<Seat>
					<Column>A</Column>
					<OfferItemRefs>OFIa20ae42f-6417-11eb-b326-15132ca0c3353</OfferItemRefs>
					<SeatDefinitionRef>SD3</SeatDefinitionRef>
					<SeatDefinitionRef>SD4</SeatDefinitionRef>
					<SeatDefinitionRef>SD7</SeatDefinitionRef>
				</Seat>
				<Seat>
					<Column>B</Column>
					<OfferItemRefs>OFIa20ae42f-6417-11eb-b326-15132ca0c3353</OfferItemRefs>
					<SeatDefinitionRef>SD4</SeatDefinitionRef>
					<SeatDefinitionRef>SD7</SeatDefinitionRef>
					<SeatDefinitionRef>SD16</SeatDefinitionRef>
				</Seat>
				<Seat>
					<Column>C</Column>
					<OfferItemRefs>OFIa20ae42f-6417-11eb-b326-15132ca0c3353</OfferItemRefs>
					<SeatDefinitionRef>SD4</SeatDefinitionRef>
					<SeatDefinitionRef>SD5</SeatDefinitionRef>
					<SeatDefinitionRef>SD6</SeatDefinitionRef>
					<SeatDefinitionRef>SD7</SeatDefinitionRef>
				</Seat>
				<Seat>
					<Column>D</Column>
					<OfferItemRefs>OFIa20ae42f-6417-11eb-b326-15132ca0c3353</OfferItemRefs>
					<SeatDefinitionRef>SD4</SeatDefinitionRef>
					<SeatDefinitionRef>SD5</SeatDefinitionRef>
					<SeatDefinitionRef>SD6</SeatDefinitionRef>
				</Seat>
				<Seat>
					<Column>E</Column>
					<OfferItemRefs>OFIa20ae42f-6417-11eb-b326-15132ca0c3353</OfferItemRefs>
					<SeatDefinitionRef>SD4</SeatDefinitionRef>
					<SeatDefinitionRef>SD16</SeatDefinitionRef>
				</Seat>
				<Seat>
					<Column>F</Column>
					<OfferItemRefs>OFIa20ae42f-6417-11eb-b326-15132ca0c3353</OfferItemRefs>
					<SeatDefinitionRef>SD1</SeatDefinitionRef>
					<SeatDefinitionRef>SD3</SeatDefinitionRef>
					<SeatDefinitionRef>SD4</SeatDefinitionRef>
				</Seat>
			</Row>
			<Row>
				<Number>23</Number>
				<Seat>
					<Column>A</Column>
					<OfferItemRefs>OFIa20ae42f-6417-11eb-b326-15132ca0c3353</OfferItemRefs>
					<SeatDefinitionRef>SD3</SeatDefinitionRef>
					<SeatDefinitionRef>SD4</SeatDefinitionRef>
					<SeatDefinitionRef>SD7</SeatDefinitionRef>
				</Seat>
				<Seat>
					<Column>B</Column>
					<OfferItemRefs>OFIa20ae42f-6417-11eb-b326-15132ca0c3353</OfferItemRefs>
					<SeatDefinitionRef>SD4</SeatDefinitionRef>
					<SeatDefinitionRef>SD7</SeatDefinitionRef>
					<SeatDefinitionRef>SD16</SeatDefinitionRef>
				</Seat>
				<Seat>
					<Column>C</Column>
					<OfferItemRefs>OFIa20ae42f-6417-11eb-b326-15132ca0c3353</OfferItemRefs>
					<SeatDefinitionRef>SD4</SeatDefinitionRef>
					<SeatDefinitionRef>SD5</SeatDefinitionRef>
					<SeatDefinitionRef>SD6</SeatDefinitionRef>
					<SeatDefinitionRef>SD7</SeatDefinitionRef>
				</Seat>
				<Seat>
					<Column>D</Column>
					<OfferItemRefs>OFIa20ae42f-6417-11eb-b326-15132ca0c3353</OfferItemRefs>
					<SeatDefinitionRef>SD4</SeatDefinitionRef>
					<SeatDefinitionRef>SD5</SeatDefinitionRef>
					<SeatDefinitionRef>SD6</SeatDefinitionRef>
				</Seat>
				<Seat>
					<Column>E</Column>
					<OfferItemRefs>OFIa20ae42f-6417-11eb-b326-15132ca0c3353</OfferItemRefs>
					<SeatDefinitionRef>SD4</SeatDefinitionRef>
					<SeatDefinitionRef>SD16</SeatDefinitionRef>
				</Seat>
				<Seat>
					<Column>F</Column>
					<OfferItemRefs>OFIa20ae42f-6417-11eb-b326-15132ca0c3353</OfferItemRefs>
					<SeatDefinitionRef>SD1</SeatDefinitionRef>
					<SeatDefinitionRef>SD3</SeatDefinitionRef>
					<SeatDefinitionRef>SD4</SeatDefinitionRef>
				</Seat>
			</Row>
			<Row>
				<Number>16</Number>
				<Seat>
					<Column>A</Column>
					<OfferItemRefs>OFIa20ae42f-6417-11eb-b326-15132ca0c3353</OfferItemRefs>
					<SeatDefinitionRef>SD1</SeatDefinitionRef>
					<SeatDefinitionRef>SD3</SeatDefinitionRef>
					<SeatDefinitionRef>SD4</SeatDefinitionRef>
					<SeatDefinitionRef>SD12</SeatDefinitionRef>
				</Seat>
				<Seat>
					<Column>B</Column>
					<OfferItemRefs>OFIa20ae42f-6417-11eb-b326-15132ca0c3353</OfferItemRefs>
					<SeatDefinitionRef>SD4</SeatDefinitionRef>
					<SeatDefinitionRef>SD12</SeatDefinitionRef>
					<SeatDefinitionRef>SD16</SeatDefinitionRef>
				</Seat>
				<Seat>
					<Column>C</Column>
					<OfferItemRefs>OFIa20ae42f-6417-11eb-b326-15132ca0c3353</OfferItemRefs>
					<SeatDefinitionRef>SD4</SeatDefinitionRef>
					<SeatDefinitionRef>SD5</SeatDefinitionRef>
					<SeatDefinitionRef>SD6</SeatDefinitionRef>
					<SeatDefinitionRef>SD12</SeatDefinitionRef>
				</Seat>
				<Seat>
					<Column>D</Column>
					<OfferItemRefs>OFIa20ae42f-6417-11eb-b326-15132ca0c3353</OfferItemRefs>
					<SeatDefinitionRef>SD4</SeatDefinitionRef>
					<SeatDefinitionRef>SD5</SeatDefinitionRef>
					<SeatDefinitionRef>SD6</SeatDefinitionRef>
					<SeatDefinitionRef>SD7</SeatDefinitionRef>
					<SeatDefinitionRef>SD12</SeatDefinitionRef>
				</Seat>
				<Seat>
					<Column>E</Column>
					<OfferItemRefs>OFIa20ae42f-6417-11eb-b326-15132ca0c3353</OfferItemRefs>
					<SeatDefinitionRef>SD4</SeatDefinitionRef>
					<SeatDefinitionRef>SD7</SeatDefinitionRef>
					<SeatDefinitionRef>SD12</SeatDefinitionRef>
					<SeatDefinitionRef>SD16</SeatDefinitionRef>
				</Seat>
				<Seat>
					<Column>F</Column>
					<OfferItemRefs>OFIa20ae42f-6417-11eb-b326-15132ca0c3353</OfferItemRefs>
					<SeatDefinitionRef>SD3</SeatDefinitionRef>
					<SeatDefinitionRef>SD4</SeatDefinitionRef>
					<SeatDefinitionRef>SD7</SeatDefinitionRef>
					<SeatDefinitionRef>SD12</SeatDefinitionRef>
				</Seat>
			</Row>
			<Row>
				<Number>17</Number>
				<Seat>
					<Column>A</Column>
					<OfferItemRefs>OFIa20ae42f-6417-11eb-b326-15132ca0c3353</OfferItemRefs>
					<SeatDefinitionRef>SD1</SeatDefinitionRef>
					<SeatDefinitionRef>SD3</SeatDefinitionRef>
					<SeatDefinitionRef>SD4</SeatDefinitionRef>
					<SeatDefinitionRef>SD12</SeatDefinitionRef>
				</Seat>
				<Seat>
					<Column>B</Column>
					<OfferItemRefs>OFIa20ae42f-6417-11eb-b326-15132ca0c3353</OfferItemRefs>
					<SeatDefinitionRef>SD4</SeatDefinitionRef>
					<SeatDefinitionRef>SD12</SeatDefinitionRef>
					<SeatDefinitionRef>SD16</SeatDefinitionRef>
				</Seat>
				<Seat>
					<Column>C</Column>
					<OfferItemRefs>OFIa20ae42f-6417-11eb-b326-15132ca0c3353</OfferItemRefs>
					<SeatDefinitionRef>SD4</SeatDefinitionRef>
					<SeatDefinitionRef>SD5</SeatDefinitionRef>
					<SeatDefinitionRef>SD6</SeatDefinitionRef>
					<SeatDefinitionRef>SD12</SeatDefinitionRef>
				</Seat>
				<Seat>
					<Column>D</Column>
					<OfferItemRefs>OFIa20ae42f-6417-11eb-b326-15132ca0c3353</OfferItemRefs>
					<SeatDefinitionRef>SD4</SeatDefinitionRef>
					<SeatDefinitionRef>SD5</SeatDefinitionRef>
					<SeatDefinitionRef>SD6</SeatDefinitionRef>
					<SeatDefinitionRef>SD7</SeatDefinitionRef>
					<SeatDefinitionRef>SD12</SeatDefinitionRef>
				</Seat>
				<Seat>
					<Column>E</Column>
					<OfferItemRefs>OFIa20ae42f-6417-11eb-b326-15132ca0c3353</OfferItemRefs>
					<SeatDefinitionRef>SD4</SeatDefinitionRef>
					<SeatDefinitionRef>SD7</SeatDefinitionRef>
					<SeatDefinitionRef>SD12</SeatDefinitionRef>
					<SeatDefinitionRef>SD16</SeatDefinitionRef>
				</Seat>
				<Seat>
					<Column>F</Column>
					<OfferItemRefs>OFIa20ae42f-6417-11eb-b326-15132ca0c3353</OfferItemRefs>
					<SeatDefinitionRef>SD3</SeatDefinitionRef>
					<SeatDefinitionRef>SD4</SeatDefinitionRef>
					<SeatDefinitionRef>SD7</SeatDefinitionRef>
					<SeatDefinitionRef>SD12</SeatDefinitionRef>
				</Seat>
			</Row>
			<Row>
				<Number>18</Number>
				<Seat>
					<Column>A</Column>
					<OfferItemRefs>OFIa20ae42f-6417-11eb-b326-15132ca0c3353</OfferItemRefs>
					<SeatDefinitionRef>SD1</SeatDefinitionRef>
					<SeatDefinitionRef>SD3</SeatDefinitionRef>
					<SeatDefinitionRef>SD4</SeatDefinitionRef>
					<SeatDefinitionRef>SD12</SeatDefinitionRef>
				</Seat>
				<Seat>
					<Column>B</Column>
					<OfferItemRefs>OFIa20ae42f-6417-11eb-b326-15132ca0c3353</OfferItemRefs>
					<SeatDefinitionRef>SD4</SeatDefinitionRef>
					<SeatDefinitionRef>SD12</SeatDefinitionRef>
					<SeatDefinitionRef>SD16</SeatDefinitionRef>
				</Seat>
				<Seat>
					<Column>C</Column>
					<OfferItemRefs>OFIa20ae42f-6417-11eb-b326-15132ca0c3353</OfferItemRefs>
					<SeatDefinitionRef>SD4</SeatDefinitionRef>
					<SeatDefinitionRef>SD5</SeatDefinitionRef>
					<SeatDefinitionRef>SD6</SeatDefinitionRef>
					<SeatDefinitionRef>SD12</SeatDefinitionRef>
				</Seat>
				<Seat>
					<Column>D</Column>
					<OfferItemRefs>OFIa20ae42f-6417-11eb-b326-15132ca0c3353</OfferItemRefs>
					<SeatDefinitionRef>SD4</SeatDefinitionRef>
					<SeatDefinitionRef>SD5</SeatDefinitionRef>
					<SeatDefinitionRef>SD6</SeatDefinitionRef>
					<SeatDefinitionRef>SD7</SeatDefinitionRef>
					<SeatDefinitionRef>SD12</SeatDefinitionRef>
				</Seat>
				<Seat>
					<Column>E</Column>
					<OfferItemRefs>OFIa20ae42f-6417-11eb-b326-15132ca0c3353</OfferItemRefs>
					<SeatDefinitionRef>SD4</SeatDefinitionRef>
					<SeatDefinitionRef>SD7</SeatDefinitionRef>
					<SeatDefinitionRef>SD12</SeatDefinitionRef>
					<SeatDefinitionRef>SD16</SeatDefinitionRef>
				</Seat>
				<Seat>
					<Column>F</Column>
					<OfferItemRefs>OFIa20ae42f-6417-11eb-b326-15132ca0c3353</OfferItemRefs>
					<SeatDefinitionRef>SD3</SeatDefinitionRef>
					<SeatDefinitionRef>SD4</SeatDefinitionRef>
					<SeatDefinitionRef>SD7</SeatDefinitionRef>
					<SeatDefinitionRef>SD12</SeatDefinitionRef>
				</Seat>
			</Row>
			<Row>
				<Number>19</Number>
				<Seat>
					<Column>A</Column>
					<OfferItemRefs>OFIa20ae42f-6417-11eb-b326-15132ca0c3353</OfferItemRefs>
					<SeatDefinitionRef>SD1</SeatDefinitionRef>
					<SeatDefinitionRef>SD3</SeatDefinitionRef>
					<SeatDefinitionRef>SD4</SeatDefinitionRef>
				</Seat>
				<Seat>
					<Column>B</Column>
					<OfferItemRefs>OFIa20ae42f-6417-11eb-b326-15132ca0c3353</OfferItemRefs>
					<SeatDefinitionRef>SD4</SeatDefinitionRef>
					<SeatDefinitionRef>SD16</SeatDefinitionRef>
				</Seat>
				<Seat>
					<Column>C</Column>
					<OfferItemRefs>OFIa20ae42f-6417-11eb-b326-15132ca0c3353</OfferItemRefs>
					<SeatDefinitionRef>SD4</SeatDefinitionRef>
					<SeatDefinitionRef>SD5</SeatDefinitionRef>
					<SeatDefinitionRef>SD6</SeatDefinitionRef>
				</Seat>
				<Seat>
					<Column>D</Column>
					<OfferItemRefs>OFIa20ae42f-6417-11eb-b326-15132ca0c3353</OfferItemRefs>
					<SeatDefinitionRef>SD4</SeatDefinitionRef>
					<SeatDefinitionRef>SD5</SeatDefinitionRef>
					<SeatDefinitionRef>SD6</SeatDefinitionRef>
					<SeatDefinitionRef>SD7</SeatDefinitionRef>
				</Seat>
				<Seat>
					<Column>E</Column>
					<OfferItemRefs>OFIa20ae42f-6417-11eb-b326-15132ca0c3353</OfferItemRefs>
					<SeatDefinitionRef>SD4</SeatDefinitionRef>
					<SeatDefinitionRef>SD7</SeatDefinitionRef>
					<SeatDefinitionRef>SD16</SeatDefinitionRef>
				</Seat>
				<Seat>
					<Column>F</Column>
					<OfferItemRefs>OFIa20ae42f-6417-11eb-b326-15132ca0c3353</OfferItemRefs>
					<SeatDefinitionRef>SD3</SeatDefinitionRef>
					<SeatDefinitionRef>SD4</SeatDefinitionRef>
					<SeatDefinitionRef>SD7</SeatDefinitionRef>
				</Seat>
			</Row>
			<Row>
				<Number>20</Number>
				<Seat>
					<Column>A</Column>
					<OfferItemRefs>OFIa20ae42f-6417-11eb-b326-15132ca0c3353</OfferItemRefs>
					<SeatDefinitionRef>SD3</SeatDefinitionRef>
					<SeatDefinitionRef>SD4</SeatDefinitionRef>
					<SeatDefinitionRef>SD7</SeatDefinitionRef>
				</Seat>
				<Seat>
					<Column>B</Column>
					<OfferItemRefs>OFIa20ae42f-6417-11eb-b326-15132ca0c3353</OfferItemRefs>
					<SeatDefinitionRef>SD4</SeatDefinitionRef>
					<SeatDefinitionRef>SD7</SeatDefinitionRef>
					<SeatDefinitionRef>SD16</SeatDefinitionRef>
				</Seat>
				<Seat>
					<Column>C</Column>
					<OfferItemRefs>OFIa20ae42f-6417-11eb-b326-15132ca0c3353</OfferItemRefs>
					<SeatDefinitionRef>SD4</SeatDefinitionRef>
					<SeatDefinitionRef>SD5</SeatDefinitionRef>
					<SeatDefinitionRef>SD6</SeatDefinitionRef>
					<SeatDefinitionRef>SD7</SeatDefinitionRef>
				</Seat>
				<Seat>
					<Column>D</Column>
					<OfferItemRefs>OFIa20ae42f-6417-11eb-b326-15132ca0c3353</OfferItemRefs>
					<SeatDefinitionRef>SD4</SeatDefinitionRef>
					<SeatDefinitionRef>SD5</SeatDefinitionRef>
					<SeatDefinitionRef>SD6</SeatDefinitionRef>
				</Seat>
				<Seat>
					<Column>E</Column>
					<OfferItemRefs>OFIa20ae42f-6417-11eb-b326-15132ca0c3353</OfferItemRefs>
					<SeatDefinitionRef>SD4</SeatDefinitionRef>
					<SeatDefinitionRef>SD16</SeatDefinitionRef>
				</Seat>
				<Seat>
					<Column>F</Column>
					<OfferItemRefs>OFIa20ae42f-6417-11eb-b326-15132ca0c3353</OfferItemRefs>
					<SeatDefinitionRef>SD1</SeatDefinitionRef>
					<SeatDefinitionRef>SD3</SeatDefinitionRef>
					<SeatDefinitionRef>SD4</SeatDefinitionRef>
				</Seat>
			</Row>
			<Row>
				<Number>21</Number>
				<Seat>
					<Column>A</Column>
					<SeatDefinitionRef>SD3</SeatDefinitionRef>
					<SeatDefinitionRef>SD7</SeatDefinitionRef>
					<SeatDefinitionRef>SD19</SeatDefinitionRef>
				</Seat>
				<Seat>
					<Column>B</Column>
					<SeatDefinitionRef>SD7</SeatDefinitionRef>
					<SeatDefinitionRef>SD16</SeatDefinitionRef>
					<SeatDefinitionRef>SD19</SeatDefinitionRef>
				</Seat>
				<Seat>
					<Column>C</Column>
					<OfferItemRefs>OFIa20ae42f-6417-11eb-b326-15132ca0c3353</OfferItemRefs>
					<SeatDefinitionRef>SD4</SeatDefinitionRef>
					<SeatDefinitionRef>SD5</SeatDefinitionRef>
					<SeatDefinitionRef>SD6</SeatDefinitionRef>
					<SeatDefinitionRef>SD7</SeatDefinitionRef>
				</Seat>
				<Seat>
					<Column>D</Column>
					<OfferItemRefs>OFIa20ae42f-6417-11eb-b326-15132ca0c3353</OfferItemRefs>
					<SeatDefinitionRef>SD4</SeatDefinitionRef>
					<SeatDefinitionRef>SD5</SeatDefinitionRef>
					<SeatDefinitionRef>SD6</SeatDefinitionRef>
				</Seat>
				<Seat>
					<Column>E</Column>
					<OfferItemRefs>OFIa20ae42f-6417-11eb-b326-15132ca0c3353</OfferItemRefs>
					<SeatDefinitionRef>SD4</SeatDefinitionRef>
					<SeatDefinitionRef>SD16</SeatDefinitionRef>
				</Seat>
				<Seat>
					<Column>F</Column>
					<OfferItemRefs>OFIa20ae42f-6417-11eb-b326-15132ca0c3353</OfferItemRefs>
					<SeatDefinitionRef>SD1</SeatDefinitionRef>
					<SeatDefinitionRef>SD3</SeatDefinitionRef>
					<SeatDefinitionRef>SD4</SeatDefinitionRef>
				</Seat>
			</Row>
		</Cabin>
	</SeatMap>
	<SeatMap>
		<SegmentRef>SEG1</SegmentRef>
		<Cabin>
			<CabinLayout>
				<Columns Position="A">WINDOW</Columns>
				<Columns Position="B"/>
				<Columns Position="C">AISLE</Columns>
				<Columns Position="D">AISLE</Columns>
				<Columns Position="E"/>
				<Columns Position="F">WINDOW</Columns>
				<Rows>
					<First>24</First>
					<Last>30</Last>
				</Rows>
			</CabinLayout>
			<Row>
				<Number>24</Number>
				<Seat>
					<Column>A</Column>
					<OfferItemRefs>OFIa20ae42f-6417-11eb-b326-15132ca0c3353</OfferItemRefs>
					<SeatDefinitionRef>SD1</SeatDefinitionRef>
					<SeatDefinitionRef>SD3</SeatDefinitionRef>
					<SeatDefinitionRef>SD4</SeatDefinitionRef>
				</Seat>
				<Seat>
					<Column>B</Column>
					<OfferItemRefs>OFIa20ae42f-6417-11eb-b326-15132ca0c3353</OfferItemRefs>
					<SeatDefinitionRef>SD4</SeatDefinitionRef>
					<SeatDefinitionRef>SD16</SeatDefinitionRef>
				</Seat>
				<Seat>
					<Column>C</Column>
					<OfferItemRefs>OFIa20ae42f-6417-11eb-b326-15132ca0c3353</OfferItemRefs>
					<SeatDefinitionRef>SD4</SeatDefinitionRef>
					<SeatDefinitionRef>SD5</SeatDefinitionRef>
					<SeatDefinitionRef>SD6</SeatDefinitionRef>
				</Seat>
				<Seat>
					<Column>D</Column>
					<OfferItemRefs>OFIa20ae42f-6417-11eb-b326-15132ca0c3353</OfferItemRefs>
					<SeatDefinitionRef>SD4</SeatDefinitionRef>
					<SeatDefinitionRef>SD5</SeatDefinitionRef>
					<SeatDefinitionRef>SD6</SeatDefinitionRef>
					<SeatDefinitionRef>SD7</SeatDefinitionRef>
				</Seat>
				<Seat>
					<Column>E</Column>
					<OfferItemRefs>OFIa20ae42f-6417-11eb-b326-15132ca0c3353</OfferItemRefs>
					<SeatDefinitionRef>SD4</SeatDefinitionRef>
					<SeatDefinitionRef>SD7</SeatDefinitionRef>
					<SeatDefinitionRef>SD16</SeatDefinitionRef>
				</Seat>
				<Seat>
					<Column>F</Column>
					<OfferItemRefs>OFIa20ae42f-6417-11eb-b326-15132ca0c3353</OfferItemRefs>
					<SeatDefinitionRef>SD3</SeatDefinitionRef>
					<SeatDefinitionRef>SD4</SeatDefinitionRef>
					<SeatDefinitionRef>SD7</SeatDefinitionRef>
				</Seat>
			</Row>
			<Row>
				<Number>25</Number>
				<Seat>
					<Column>A</Column>
					<OfferItemRefs>OFIa20ae42f-6417-11eb-b326-15132ca0c3353</OfferItemRefs>
					<SeatDefinitionRef>SD3</SeatDefinitionRef>
					<SeatDefinitionRef>SD4</SeatDefinitionRef>
					<SeatDefinitionRef>SD17</SeatDefinitionRef>
					<SeatDefinitionRef>SD18</SeatDefinitionRef>
				</Seat>
				<Seat>
					<Column>B</Column>
					<OfferItemRefs>OFIa20ae42f-6417-11eb-b326-15132ca0c3353</OfferItemRefs>
					<SeatDefinitionRef>SD4</SeatDefinitionRef>
					<SeatDefinitionRef>SD16</SeatDefinitionRef>
				</Seat>
				<Seat>
					<Column>C</Column>
					<OfferItemRefs>OFIa20ae42f-6417-11eb-b326-15132ca0c3353</OfferItemRefs>
					<SeatDefinitionRef>SD4</SeatDefinitionRef>
					<SeatDefinitionRef>SD5</SeatDefinitionRef>
					<SeatDefinitionRef>SD6</SeatDefinitionRef>
				</Seat>
				<Seat>
					<Column>D</Column>
					<OfferItemRefs>OFIa20ae42f-6417-11eb-b326-15132ca0c3353</OfferItemRefs>
					<SeatDefinitionRef>SD4</SeatDefinitionRef>
					<SeatDefinitionRef>SD5</SeatDefinitionRef>
					<SeatDefinitionRef>SD6</SeatDefinitionRef>
					<SeatDefinitionRef>SD7</SeatDefinitionRef>
				</Seat>
				<Seat>
					<Column>E</Column>
					<OfferItemRefs>OFIa20ae42f-6417-11eb-b326-15132ca0c3353</OfferItemRefs>
					<SeatDefinitionRef>SD4</SeatDefinitionRef>
					<SeatDefinitionRef>SD7</SeatDefinitionRef>
					<SeatDefinitionRef>SD16</SeatDefinitionRef>
				</Seat>
				<Seat>
					<Column>F</Column>
					<OfferItemRefs>OFIa20ae42f-6417-11eb-b326-15132ca0c3353</OfferItemRefs>
					<SeatDefinitionRef>SD3</SeatDefinitionRef>
					<SeatDefinitionRef>SD4</SeatDefinitionRef>
					<SeatDefinitionRef>SD7</SeatDefinitionRef>
					<SeatDefinitionRef>SD17</SeatDefinitionRef>
					<SeatDefinitionRef>SD18</SeatDefinitionRef>
				</Seat>
			</Row>
			<Row>
				<Number>26</Number>
				<Seat>
					<Column>A</Column>
					<SeatDefinitionRef>SD3</SeatDefinitionRef>
					<SeatDefinitionRef>SD4</SeatDefinitionRef>
					<SeatDefinitionRef>SD10</SeatDefinitionRef>
					<SeatDefinitionRef>SD11</SeatDefinitionRef>
					<SeatDefinitionRef>SD20</SeatDefinitionRef>
				</Seat>
				<Seat>
					<Column>B</Column>
					<SeatDefinitionRef>SD4</SeatDefinitionRef>
					<SeatDefinitionRef>SD10</SeatDefinitionRef>
					<SeatDefinitionRef>SD11</SeatDefinitionRef>
					<SeatDefinitionRef>SD16</SeatDefinitionRef>
					<SeatDefinitionRef>SD20</SeatDefinitionRef>
				</Seat>
				<Seat>
					<Column>C</Column>
					<SeatDefinitionRef>SD4</SeatDefinitionRef>
					<SeatDefinitionRef>SD5</SeatDefinitionRef>
					<SeatDefinitionRef>SD6</SeatDefinitionRef>
					<SeatDefinitionRef>SD10</SeatDefinitionRef>
					<SeatDefinitionRef>SD11</SeatDefinitionRef>
					<SeatDefinitionRef>SD20</SeatDefinitionRef>
				</Seat>
				<Seat>
					<Column>D</Column>
					<SeatDefinitionRef>SD4</SeatDefinitionRef>
					<SeatDefinitionRef>SD5</SeatDefinitionRef>
					<SeatDefinitionRef>SD6</SeatDefinitionRef>
					<SeatDefinitionRef>SD7</SeatDefinitionRef>
					<SeatDefinitionRef>SD10</SeatDefinitionRef>
					<SeatDefinitionRef>SD11</SeatDefinitionRef>
					<SeatDefinitionRef>SD20</SeatDefinitionRef>
				</Seat>
				<Seat>
					<Column>E</Column>
					<SeatDefinitionRef>SD4</SeatDefinitionRef>
					<SeatDefinitionRef>SD7</SeatDefinitionRef>
					<SeatDefinitionRef>SD10</SeatDefinitionRef>
					<SeatDefinitionRef>SD11</SeatDefinitionRef>
					<SeatDefinitionRef>SD16</SeatDefinitionRef>
					<SeatDefinitionRef>SD20</SeatDefinitionRef>
				</Seat>
				<Seat>
					<Column>F</Column>
					<SeatDefinitionRef>SD3</SeatDefinitionRef>
					<SeatDefinitionRef>SD4</SeatDefinitionRef>
					<SeatDefinitionRef>SD7</SeatDefinitionRef>
					<SeatDefinitionRef>SD10</SeatDefinitionRef>
					<SeatDefinitionRef>SD11</SeatDefinitionRef>
					<SeatDefinitionRef>SD20</SeatDefinitionRef>
				</Seat>
			</Row>
			<Row>
				<Number>27</Number>
				<Seat>
					<Column>A</Column>
					<OfferItemRefs>OFIa20ae42f-6417-11eb-b326-15132ca0c3354</OfferItemRefs>
					<SeatDefinitionRef>SD1</SeatDefinitionRef>
					<SeatDefinitionRef>SD3</SeatDefinitionRef>
					<SeatDefinitionRef>SD4</SeatDefinitionRef>
					<SeatDefinitionRef>SD21</SeatDefinitionRef>
				</Seat>
				<Seat>
					<Column>B</Column>
					<OfferItemRefs>OFIa20ae42f-6417-11eb-b326-15132ca0c3354</OfferItemRefs>
					<SeatDefinitionRef>SD4</SeatDefinitionRef>
					<SeatDefinitionRef>SD21</SeatDefinitionRef>
				</Seat>
				<Seat>
					<Column>C</Column>
					<OfferItemRefs>OFIa20ae42f-6417-11eb-b326-15132ca0c3354</OfferItemRefs>
					<SeatDefinitionRef>SD4</SeatDefinitionRef>
					<SeatDefinitionRef>SD5</SeatDefinitionRef>
					<SeatDefinitionRef>SD6</SeatDefinitionRef>
					<SeatDefinitionRef>SD21</SeatDefinitionRef>
				</Seat>
				<Seat>
					<Column>D</Column>
					<OfferItemRefs>OFIa20ae42f-6417-11eb-b326-15132ca0c3354</OfferItemRefs>
					<SeatDefinitionRef>SD4</SeatDefinitionRef>
					<SeatDefinitionRef>SD5</SeatDefinitionRef>
					<SeatDefinitionRef>SD6</SeatDefinitionRef>
					<SeatDefinitionRef>SD7</SeatDefinitionRef>
					<SeatDefinitionRef>SD21</SeatDefinitionRef>
				</Seat>
				<Seat>
					<Column>E</Column>
					<OfferItemRefs>OFIa20ae42f-6417-11eb-b326-15132ca0c3354</OfferItemRefs>
					<SeatDefinitionRef>SD4</SeatDefinitionRef>
					<SeatDefinitionRef>SD7</SeatDefinitionRef>
					<SeatDefinitionRef>SD21</SeatDefinitionRef>
				</Seat>
				<Seat>
					<Column>F</Column>
					<OfferItemRefs>OFIa20ae42f-6417-11eb-b326-15132ca0c3354</OfferItemRefs>
					<SeatDefinitionRef>SD3</SeatDefinitionRef>
					<SeatDefinitionRef>SD4</SeatDefinitionRef>
					<SeatDefinitionRef>SD7</SeatDefinitionRef>
					<SeatDefinitionRef>SD21</SeatDefinitionRef>
				</Seat>
			</Row>
			<Row>
				<Number>28</Number>
				<Seat>
					<Column>A</Column>
					<OfferItemRefs>OFIa20ae42f-6417-11eb-b326-15132ca0c3354</OfferItemRefs>
					<SeatDefinitionRef>SD3</SeatDefinitionRef>
					<SeatDefinitionRef>SD4</SeatDefinitionRef>
					<SeatDefinitionRef>SD7</SeatDefinitionRef>
					<SeatDefinitionRef>SD21</SeatDefinitionRef>
				</Seat>
				<Seat>
					<Column>B</Column>
					<OfferItemRefs>OFIa20ae42f-6417-11eb-b326-15132ca0c3354</OfferItemRefs>
					<SeatDefinitionRef>SD4</SeatDefinitionRef>
					<SeatDefinitionRef>SD7</SeatDefinitionRef>
					<SeatDefinitionRef>SD21</SeatDefinitionRef>
				</Seat>
				<Seat>
					<Column>C</Column>
					<OfferItemRefs>OFIa20ae42f-6417-11eb-b326-15132ca0c3354</OfferItemRefs>
					<SeatDefinitionRef>SD4</SeatDefinitionRef>
					<SeatDefinitionRef>SD5</SeatDefinitionRef>
					<SeatDefinitionRef>SD6</SeatDefinitionRef>
					<SeatDefinitionRef>SD7</SeatDefinitionRef>
					<SeatDefinitionRef>SD21</SeatDefinitionRef>
				</Seat>
				<Seat>
					<Column>D</Column>
					<OfferItemRefs>OFIa20ae42f-6417-11eb-b326-15132ca0c3354</OfferItemRefs>
					<SeatDefinitionRef>SD4</SeatDefinitionRef>
					<SeatDefinitionRef>SD5</SeatDefinitionRef>
					<SeatDefinitionRef>SD6</SeatDefinitionRef>
					<SeatDefinitionRef>SD21</SeatDefinitionRef>
				</Seat>
				<Seat>
					<Column>E</Column>
					<OfferItemRefs>OFIa20ae42f-6417-11eb-b326-15132ca0c3354</OfferItemRefs>
					<SeatDefinitionRef>SD4</SeatDefinitionRef>
					<SeatDefinitionRef>SD21</SeatDefinitionRef>
				</Seat>
				<Seat>
					<Column>F</Column>
					<OfferItemRefs>OFIa20ae42f-6417-11eb-b326-15132ca0c3354</OfferItemRefs>
					<SeatDefinitionRef>SD1</SeatDefinitionRef>
					<SeatDefinitionRef>SD3</SeatDefinitionRef>
					<SeatDefinitionRef>SD4</SeatDefinitionRef>
					<SeatDefinitionRef>SD21</SeatDefinitionRef>
				</Seat>
			</Row>
			<Row>
				<Number>29</Number>
				<Seat>
					<Column>A</Column>
					<OfferItemRefs>OFIa20ae42f-6417-11eb-b326-15132ca0c3354</OfferItemRefs>
					<SeatDefinitionRef>SD3</SeatDefinitionRef>
					<SeatDefinitionRef>SD4</SeatDefinitionRef>
					<SeatDefinitionRef>SD7</SeatDefinitionRef>
					<SeatDefinitionRef>SD21</SeatDefinitionRef>
				</Seat>
				<Seat>
					<Column>B</Column>
					<OfferItemRefs>OFIa20ae42f-6417-11eb-b326-15132ca0c3354</OfferItemRefs>
					<SeatDefinitionRef>SD4</SeatDefinitionRef>
					<SeatDefinitionRef>SD7</SeatDefinitionRef>
					<SeatDefinitionRef>SD21</SeatDefinitionRef>
				</Seat>
				<Seat>
					<Column>C</Column>
					<OfferItemRefs>OFIa20ae42f-6417-11eb-b326-15132ca0c3354</OfferItemRefs>
					<SeatDefinitionRef>SD4</SeatDefinitionRef>
					<SeatDefinitionRef>SD5</SeatDefinitionRef>
					<SeatDefinitionRef>SD6</SeatDefinitionRef>
					<SeatDefinitionRef>SD7</SeatDefinitionRef>
					<SeatDefinitionRef>SD21</SeatDefinitionRef>
				</Seat>
				<Seat>
					<Column>D</Column>
					<OfferItemRefs>OFIa20ae42f-6417-11eb-b326-15132ca0c3354</OfferItemRefs>
					<SeatDefinitionRef>SD4</SeatDefinitionRef>
					<SeatDefinitionRef>SD5</SeatDefinitionRef>
					<SeatDefinitionRef>SD6</SeatDefinitionRef>
					<SeatDefinitionRef>SD21</SeatDefinitionRef>
				</Seat>
				<Seat>
					<Column>E</Column>
					<OfferItemRefs>OFIa20ae42f-6417-11eb-b326-15132ca0c3354</OfferItemRefs>
					<SeatDefinitionRef>SD4</SeatDefinitionRef>
					<SeatDefinitionRef>SD21</SeatDefinitionRef>
				</Seat>
				<Seat>
					<Column>F</Column>
					<OfferItemRefs>OFIa20ae42f-6417-11eb-b326-15132ca0c3354</OfferItemRefs>
					<SeatDefinitionRef>SD1</SeatDefinitionRef>
					<SeatDefinitionRef>SD3</SeatDefinitionRef>
					<SeatDefinitionRef>SD4</SeatDefinitionRef>
					<SeatDefinitionRef>SD21</SeatDefinitionRef>
				</Seat>
			</Row>
			<Row>
				<Number>30</Number>
				<Seat>
					<Column>A</Column>
					<SeatDefinitionRef>SD3</SeatDefinitionRef>
					<SeatDefinitionRef>SD4</SeatDefinitionRef>
					<SeatDefinitionRef>SD7</SeatDefinitionRef>
					<SeatDefinitionRef>SD8</SeatDefinitionRef>
					<SeatDefinitionRef>SD9</SeatDefinitionRef>
					<SeatDefinitionRef>SD10</SeatDefinitionRef>
					<SeatDefinitionRef>SD11</SeatDefinitionRef>
					<SeatDefinitionRef>SD21</SeatDefinitionRef>
				</Seat>
				<Seat>
					<Column>B</Column>
					<SeatDefinitionRef>SD4</SeatDefinitionRef>
					<SeatDefinitionRef>SD7</SeatDefinitionRef>
					<SeatDefinitionRef>SD8</SeatDefinitionRef>
					<SeatDefinitionRef>SD9</SeatDefinitionRef>
					<SeatDefinitionRef>SD10</SeatDefinitionRef>
					<SeatDefinitionRef>SD11</SeatDefinitionRef>
					<SeatDefinitionRef>SD21</SeatDefinitionRef>
				</Seat>
				<Seat>
					<Column>C</Column>
					<SeatDefinitionRef>SD4</SeatDefinitionRef>
					<SeatDefinitionRef>SD5</SeatDefinitionRef>
					<SeatDefinitionRef>SD6</SeatDefinitionRef>
					<SeatDefinitionRef>SD7</SeatDefinitionRef>
					<SeatDefinitionRef>SD8</SeatDefinitionRef>
					<SeatDefinitionRef>SD9</SeatDefinitionRef>
					<SeatDefinitionRef>SD10</SeatDefinitionRef>
					<SeatDefinitionRef>SD11</SeatDefinitionRef>
					<SeatDefinitionRef>SD21</SeatDefinitionRef>
				</Seat>
				<Seat>
					<Column>D</Column>
					<SeatDefinitionRef>SD5</SeatDefinitionRef>
					<SeatDefinitionRef>SD6</SeatDefinitionRef>
					<SeatDefinitionRef>SD8</SeatDefinitionRef>
					<SeatDefinitionRef>SD19</SeatDefinitionRef>
					<SeatDefinitionRef>SD21</SeatDefinitionRef>
					<SeatDefinitionRef>SD22</SeatDefinitionRef>
				</Seat>
				<Seat>
					<Column>E</Column>
					<SeatDefinitionRef>SD8</SeatDefinitionRef>
					<SeatDefinitionRef>SD19</SeatDefinitionRef>
					<SeatDefinitionRef>SD21</SeatDefinitionRef>
					<SeatDefinitionRef>SD22</SeatDefinitionRef>
				</Seat>
				<Seat>
					<Column>F</Column>
					<SeatDefinitionRef>SD3</SeatDefinitionRef>
					<SeatDefinitionRef>SD8</SeatDefinitionRef>
					<SeatDefinitionRef>SD19</SeatDefinitionRef>
					<SeatDefinitionRef>SD21</SeatDefinitionRef>
					<SeatDefinitionRef>SD22</SeatDefinitionRef>
				</Seat>
			</Row>
		</Cabin>
	</SeatMap>
	<DataLists>
		<FlightSegmentList>
			<FlightSegment SegmentKey="SEG1">
				<Departure>
					<AirportCode>FNC</AirportCode>
					<Date>2021-08-26</Date>
					<Time>17:45</Time>
				</Departure>
				<Arrival>
					<AirportCode>DUS</AirportCode>
				</Arrival>
				<MarketingCarrier>
					<AirlineID>DE</AirlineID>
					<FlightNumber>1415</FlightNumber>
				</MarketingCarrier>
				<Equipment>
					<AircraftCode>320</AircraftCode>
				</Equipment>
			</FlightSegment>
		</FlightSegmentList>
		<FlightList>
			<Flight FlightKey="FL1">
				<SegmentReferences>SEG1</SegmentReferences>
			</Flight>
		</FlightList>
		<OriginDestinationList>
			<OriginDestination OriginDestinationKey="OD1">
				<DepartureCode>FNC</DepartureCode>
				<ArrivalCode>DUS</ArrivalCode>
				<FlightReferences>FL1</FlightReferences>
			</OriginDestination>
		</OriginDestinationList>
		<ServiceDefinitionList>
			<ServiceDefinition ServiceDefinitionID="SVD1">
				<Name>SEAT</Name>
				<Descriptions>
					<Description>
						<Text>SEAT ASSIGNMENT SERVICE 22.10</Text>
					</Description>
				</Descriptions>
			</ServiceDefinition>
			<ServiceDefinition ServiceDefinitionID="SVD2">
				<Name>SEAT</Name>
				<Descriptions>
					<Description>
						<Text>SEAT ASSIGNMENT SERVICE 35.40</Text>
					</Description>
				</Descriptions>
			</ServiceDefinition>
			<ServiceDefinition ServiceDefinitionID="SVD3">
				<Name>SEAT</Name>
				<Descriptions>
					<Description>
						<Text>SEAT ASSIGNMENT SERVICE 17.70</Text>
					</Description>
				</Descriptions>
			</ServiceDefinition>
			<ServiceDefinition ServiceDefinitionID="SVD4">
				<Name>SEAT</Name>
				<Descriptions>
					<Description>
						<Text>SEAT ASSIGNMENT SERVICE 11.50</Text>
					</Description>
				</Descriptions>
			</ServiceDefinition>
		</ServiceDefinitionList>
		<SeatDefinitionList>
			<SeatDefinition SeatDefinitionID="SD1">
				<Description>
					<Text>SEAT_SUITABLE_FOR_ADULT_WITH_AN_INFANT</Text>
				</Description>
			</SeatDefinition>
			<SeatDefinition SeatDefinitionID="SD2">
				<Description>
					<Text>SEAT_IN_A_QUIET_ZONE</Text>
				</Description>
			</SeatDefinition>
			<SeatDefinition SeatDefinitionID="SD3">
				<Description>
					<Text>WINDOW</Text>
				</Description>
			</SeatDefinition>
			<SeatDefinition SeatDefinitionID="SD4">
				<Description>
					<Text>AVAILABLE</Text>
				</Description>
			</SeatDefinition>
			<SeatDefinition SeatDefinitionID="SD5">
				<Description>
					<Text>AISLE_SEAT</Text>
				</Description>
			</SeatDefinition>
			<SeatDefinition SeatDefinitionID="SD6">
				<Description>
					<Text>SEAT_NOT_SUITABLE_FOR_CHILD</Text>
				</Description>
			</SeatDefinition>
			<SeatDefinition SeatDefinitionID="SD7">
				<Description>
					<Text>SEAT_NOT_ALLOWED_FOR_INFANT</Text>
				</Description>
			</SeatDefinition>
			<SeatDefinition SeatDefinitionID="SD8">
				<Description>
					<Text>RESTRICTED_RECLINE_SEAT</Text>
				</Description>
			</SeatDefinition>
			<SeatDefinition SeatDefinitionID="SD9">
				<Description>
					<Text>SEAT_TO_BE_LEFT_VACANT_OR_OFFERED_LAST</Text>
				</Description>
			</SeatDefinition>
			<SeatDefinition SeatDefinitionID="SD10">
				<Description>
					<Text>RESTRICTED_SEAT_GENERAL</Text>
				</Description>
			</SeatDefinition>
			<SeatDefinition SeatDefinitionID="SD11">
				<Description>
					<Text>RESTRICTED</Text>
				</Description>
			</SeatDefinition>
			<SeatDefinition SeatDefinitionID="SD12">
				<Description>
					<Text>WING</Text>
				</Description>
			</SeatDefinition>
			<SeatDefinition SeatDefinitionID="SD13">
				<Description>
					<Text>SEAT_NOT_ALLOWED_FOR_MEDICAL</Text>
				</Description>
			</SeatDefinition>
			<SeatDefinition SeatDefinitionID="SD14">
				<Description>
					<Text>EXIT</Text>
				</Description>
			</SeatDefinition>
			<SeatDefinition SeatDefinitionID="SD15">
				<Description>
					<Text>LEG_SPACE_SEAT</Text>
				</Description>
			</SeatDefinition>
			<SeatDefinition SeatDefinitionID="SD16">
				<Description>
					<Text>PREFERENTIAL_SEAT</Text>
				</Description>
			</SeatDefinition>
			<SeatDefinition SeatDefinitionID="SD17">
				<Description>
					<Text>SEAT_WITH_FACILITIES_FOR_HANDICAPPED</Text>
				</Description>
			</SeatDefinition>
			<SeatDefinition SeatDefinitionID="SD18">
				<Description>
					<Text>SEAT_WITH_FACILITIES_FOR_HANDICAPPED_INCAPACITATED_PASSENGER</Text>
				</Description>
			</SeatDefinition>
			<SeatDefinition SeatDefinitionID="SD19">
				<Description>
					<Text>OCCUPIED</Text>
				</Description>
			</SeatDefinition>
			<SeatDefinition SeatDefinitionID="SD20">
				<Description>
					<Text>SEAT_SUITABLE_FOR_UNACCOMPANIED_MINORS</Text>
				</Description>
			</SeatDefinition>
			<SeatDefinition SeatDefinitionID="SD21">
				<Description>
					<Text>REAR_FACING_SEAT</Text>
				</Description>
			</SeatDefinition>
			<SeatDefinition SeatDefinitionID="SD22">
				<Description>
					<Text>CREW_SEAT</Text>
				</Description>
			</SeatDefinition>
		</SeatDefinitionList>
	</DataLists>
</SeatAvailabilityRS>